<?xml version="1.0" encoding="UTF-8"?>
<root>
  <item name="com.telerik.android.primitives.widget.shadow.MaterialShapeDrawable int getShadowCompatibilityMode()">
    <annotation name="androidx.annotation.IntDef">
      <val name="value" val="{com.telerik.android.primitives.widget.shadow.MaterialShapeDrawable.SHADOW_COMPAT_MODE_DEFAULT, com.telerik.android.primitives.widget.shadow.MaterialShapeDrawable.SHADOW_COMPAT_MODE_NEVER, com.telerik.android.primitives.widget.shadow.MaterialShapeDrawable.SHADOW_COMPAT_MODE_ALWAYS}" />
    </annotation>
  </item>
  <item name="com.telerik.android.primitives.widget.shadow.MaterialShapeDrawable void setShadowCompatibilityMode(int) 0">
    <annotation name="androidx.annotation.IntDef">
      <val name="value" val="{com.telerik.android.primitives.widget.shadow.MaterialShapeDrawable.SHADOW_COMPAT_MODE_DEFAULT, com.telerik.android.primitives.widget.shadow.MaterialShapeDrawable.SHADOW_COMPAT_MODE_NEVER, com.telerik.android.primitives.widget.shadow.MaterialShapeDrawable.SHADOW_COMPAT_MODE_ALWAYS}" />
    </annotation>
  </item>
  <item name="com.telerik.android.primitives.widget.shadow.MaterialShapeDrawable.CompatibilityShadowMode">
    <annotation name="androidx.annotation.IntDef">
      <val name="value" val="{com.telerik.android.primitives.widget.shadow.MaterialShapeDrawable.SHADOW_COMPAT_MODE_DEFAULT, com.telerik.android.primitives.widget.shadow.MaterialShapeDrawable.SHADOW_COMPAT_MODE_NEVER, com.telerik.android.primitives.widget.shadow.MaterialShapeDrawable.SHADOW_COMPAT_MODE_ALWAYS}" />
    </annotation>
  </item>
  <item name="com.telerik.android.primitives.widget.shadow.MaterialShapeUtils com.telerik.android.primitives.widget.shadow.CornerTreatment createCornerTreatment(int) 0">
    <annotation name="androidx.annotation.IntDef">
      <val name="value" val="{com.telerik.android.primitives.widget.shadow.CornerFamily.ROUNDED, com.telerik.android.primitives.widget.shadow.CornerFamily.CUT}" />
    </annotation>
  </item>
  <item name="com.telerik.android.primitives.widget.shadow.ShapeAppearanceModel.Builder com.telerik.android.primitives.widget.shadow.ShapeAppearanceModel.Builder setAllCorners(int, float) 0">
    <annotation name="androidx.annotation.IntDef">
      <val name="value" val="{com.telerik.android.primitives.widget.shadow.CornerFamily.ROUNDED, com.telerik.android.primitives.widget.shadow.CornerFamily.CUT}" />
    </annotation>
  </item>
  <item name="com.telerik.android.primitives.widget.shadow.ShapeAppearanceModel.Builder com.telerik.android.primitives.widget.shadow.ShapeAppearanceModel.Builder setBottomLeftCorner(int, com.telerik.android.primitives.widget.shadow.CornerSize) 0">
    <annotation name="androidx.annotation.IntDef">
      <val name="value" val="{com.telerik.android.primitives.widget.shadow.CornerFamily.ROUNDED, com.telerik.android.primitives.widget.shadow.CornerFamily.CUT}" />
    </annotation>
  </item>
  <item name="com.telerik.android.primitives.widget.shadow.ShapeAppearanceModel.Builder com.telerik.android.primitives.widget.shadow.ShapeAppearanceModel.Builder setBottomLeftCorner(int, float) 0">
    <annotation name="androidx.annotation.IntDef">
      <val name="value" val="{com.telerik.android.primitives.widget.shadow.CornerFamily.ROUNDED, com.telerik.android.primitives.widget.shadow.CornerFamily.CUT}" />
    </annotation>
  </item>
  <item name="com.telerik.android.primitives.widget.shadow.ShapeAppearanceModel.Builder com.telerik.android.primitives.widget.shadow.ShapeAppearanceModel.Builder setBottomRightCorner(int, com.telerik.android.primitives.widget.shadow.CornerSize) 0">
    <annotation name="androidx.annotation.IntDef">
      <val name="value" val="{com.telerik.android.primitives.widget.shadow.CornerFamily.ROUNDED, com.telerik.android.primitives.widget.shadow.CornerFamily.CUT}" />
    </annotation>
  </item>
  <item name="com.telerik.android.primitives.widget.shadow.ShapeAppearanceModel.Builder com.telerik.android.primitives.widget.shadow.ShapeAppearanceModel.Builder setBottomRightCorner(int, float) 0">
    <annotation name="androidx.annotation.IntDef">
      <val name="value" val="{com.telerik.android.primitives.widget.shadow.CornerFamily.ROUNDED, com.telerik.android.primitives.widget.shadow.CornerFamily.CUT}" />
    </annotation>
  </item>
  <item name="com.telerik.android.primitives.widget.shadow.ShapeAppearanceModel.Builder com.telerik.android.primitives.widget.shadow.ShapeAppearanceModel.Builder setTopLeftCorner(int, com.telerik.android.primitives.widget.shadow.CornerSize) 0">
    <annotation name="androidx.annotation.IntDef">
      <val name="value" val="{com.telerik.android.primitives.widget.shadow.CornerFamily.ROUNDED, com.telerik.android.primitives.widget.shadow.CornerFamily.CUT}" />
    </annotation>
  </item>
  <item name="com.telerik.android.primitives.widget.shadow.ShapeAppearanceModel.Builder com.telerik.android.primitives.widget.shadow.ShapeAppearanceModel.Builder setTopLeftCorner(int, float) 0">
    <annotation name="androidx.annotation.IntDef">
      <val name="value" val="{com.telerik.android.primitives.widget.shadow.CornerFamily.ROUNDED, com.telerik.android.primitives.widget.shadow.CornerFamily.CUT}" />
    </annotation>
  </item>
  <item name="com.telerik.android.primitives.widget.shadow.ShapeAppearanceModel.Builder com.telerik.android.primitives.widget.shadow.ShapeAppearanceModel.Builder setTopRightCorner(int, com.telerik.android.primitives.widget.shadow.CornerSize) 0">
    <annotation name="androidx.annotation.IntDef">
      <val name="value" val="{com.telerik.android.primitives.widget.shadow.CornerFamily.ROUNDED, com.telerik.android.primitives.widget.shadow.CornerFamily.CUT}" />
    </annotation>
  </item>
  <item name="com.telerik.android.primitives.widget.shadow.ShapeAppearanceModel.Builder com.telerik.android.primitives.widget.shadow.ShapeAppearanceModel.Builder setTopRightCorner(int, float) 0">
    <annotation name="androidx.annotation.IntDef">
      <val name="value" val="{com.telerik.android.primitives.widget.shadow.CornerFamily.ROUNDED, com.telerik.android.primitives.widget.shadow.CornerFamily.CUT}" />
    </annotation>
  </item>
</root>

